きんき,www.kinki-beer.jp
カナディアンブルワリー,www.2202cb.co.jp
ヤッホーブルーイング,www.yonasato.com
Hear&amp;Beer日本倶楽部,www.nihonkai-club.com
耕人舎,www.hokkaido-hyakka.com
下野商店,www.shimor.com
足柄地ビール,happymalt.com
ナガノトレーディング,www.naganotrading.com
サンクトガーレン,www.sanktgallenbrewery.com
ナギサビール,www.nagisa.co.jp
友和貿易,www.konabeer.jp
セーブ・ザ・オリーブ,savetheolive.main.jp
南信州ビール,www.ms-beer.co.jp
世嬉の一酒造,www.sekinoichi.co.jp
エイ・ジェイ・アイビア,www.minoh-beer.jp
久米桜酒造,g-beer.jp
マルカツ興産,www.hakodate-factory.com/beer/
トゥーバートレーディング,
木内酒造合資会社,www.kodawari.cc
梅錦山川,www.umenishiki.com
城端麦酒,www.jo-beer.com
ブルーマスター,www.brewmaster2002.com
栃木マイクロブルワリー,www.beatclub.jp/microb/
厚木ビール,www.atsugi.to
羽生の里,www.hana-beer.com
三井食品,www.mitsuifoods.co.jp
銀河高原ビール,www.gingakogenweb.com
横浜ビール,yokohamabeer.com
Jena,www.jena.co.jp
イクスピアリ,www.ikspiari.co.jp/harvestmoon
富士観光開発,www.fuji-net.co.jp/beer
盛田金しゃちビール,www.kinshachi.jp
わらび座,www.warabi.or.jp/beer
